{"cameraMode":{"drawMode":0,"name":"Shaded","section":"Shading Mode"},"sceneLighting":false,"audioPlay":false,"sceneViewState":{"showFog":true,"showMaterialUpdate":false,"showSkybox":false,"showFlares":true,"showImageEffects":true,"showParticleSystems":true},"in2DMode":false,"pivot":{"x":-139.83160400390626,"y":214.6400604248047,"z":-1546.1383056640625},"rotation":{"x":-0.07044878602027893,"y":0.903331458568573,"z":-0.1629795879125595,"w":-0.3904699981212616},"size":251.76614379882813,"orthographic":true}