{"cameraMode":{"drawMode":0,"name":"Shaded","section":"Shading Mode"},"sceneLighting":false,"audioPlay":false,"sceneViewState":{"showFog":true,"showMaterialUpdate":false,"showSkybox":false,"showFlares":true,"showImageEffects":true,"showParticleSystems":true},"in2DMode":false,"pivot":{"x":410.0758361816406,"y":164.63583374023438,"z":-1546.354736328125},"rotation":{"x":-0.07044878602027893,"y":0.903331458568573,"z":-0.1629795879125595,"w":-0.3904699981212616},"size":207.90823364257813,"orthographic":true}