{"cameraMode":{"drawMode":0,"name":"Shaded","section":"Shading Mode"},"sceneLighting":false,"audioPlay":false,"sceneViewState":{"showFog":true,"showMaterialUpdate":false,"showSkybox":false,"showFlares":true,"showImageEffects":true,"showParticleSystems":true},"in2DMode":false,"pivot":{"x":137.9145965576172,"y":178.702880859375,"z":-1529.7874755859375},"rotation":{"x":-0.07044878602027893,"y":0.903331458568573,"z":-0.1629795879125595,"w":-0.3904699981212616},"size":210.41990661621095,"orthographic":true}