{"cameraMode":{"drawMode":0,"name":"Shaded","section":"Shading Mode"},"sceneLighting":false,"audioPlay":false,"sceneViewState":{"showFog":true,"showMaterialUpdate":false,"showSkybox":false,"showFlares":true,"showImageEffects":true,"showParticleSystems":true},"in2DMode":false,"pivot":{"x":682.9534912109375,"y":129.92007446289063,"z":-1435.0054931640625},"rotation":{"x":-0.07044878602027893,"y":0.903331458568573,"z":-0.1629795879125595,"w":-0.3904699981212616},"size":174.45555114746095,"orthographic":true}