{"cameraMode":{"drawMode":0,"name":"Shaded","section":"Shading Mode"},"sceneLighting":false,"audioPlay":false,"sceneViewState":{"showFog":true,"showMaterialUpdate":false,"showSkybox":false,"showFlares":true,"showImageEffects":true,"showParticleSystems":true},"in2DMode":false,"pivot":{"x":9896.08984375,"y":1554.208251953125,"z":516.2662353515625},"rotation":{"x":-0.07044878602027893,"y":0.903331458568573,"z":-0.1629795879125595,"w":-0.3904699981212616},"size":210.41973876953126,"orthographic":true}